SQL> ;
  1  SELECT A
  2  FROM ASIGNATURA NATURAL JOIN AREA
  3* WHERE (AR LIKE 'A%')
SQL> SELECT A
  2  FROM ASIGNATURA NATURAL JOIN AREA
  3  WHERE (AR LIKE 'A%');

A                                                                               
--------------------------------------------------                              
ALGEBRA                                                                         
ANALISIS COMPLEJO                                                               
ASTRONOMIA                                                                      

SQL> SELECT A
  2  FROM ASIGNATURA NATURAL JOIN AREA
  3  WHERE (AR LIKE '%A');

A                                                                               
--------------------------------------------------                              
ALGEBRA                                                                         
ASTRONOMIA                                                                      
ENSEANZA DE LA MATEMATICA                                                       
OPTIMIZACION                                                                    
INFORMATICA BASICA                                                              
MINERIA DE DATOS                                                                
ALMACENES DE DATOS                                                              
BASE DE DATOS                                                                   

8 rows selected.

SQL> SELECT A
  2  FROM ASIGNATURA
  3  WHERE (A LIKE '%DATOS%');

A                                                                               
--------------------------------------------------                              
BASE DE DATOS                                                                   
ALMACENES DE DATOS                                                              
MINERIA DE DATOS                                                                

SQL> SELECT DNI
  2  FROM PROFESOR
  3  WHERE (P LIKE '__R%');

       DNI                                                                      
----------                                                                      
      2222                                                                      
      4444                                                                      
      6666                                                                      
      7777                                                                      

SQL> SELECT DISTINCT DNI
  2  FROM PROFESOR
  3  WHERE LENGTH(P)<=5;

       DNI                                                                      
----------                                                                      
      1111                                                                      
      3333                                                                      
      4444                                                                      
      5555                                                                      
      7777                                                                      
      1010                                                                      

6 rows selected.

SQL> SELECT DISTINCT DNI
  2  FROM PROFESOR
  3  WHERE LENGTH(P)>=5;

       DNI                                                                      
----------                                                                      
      2222                                                                      
      3333                                                                      
      4444                                                                      
      6666                                                                      
      7777                                                                      
      8888                                                                      
      9999                                                                      
      1010                                                                      
      2020                                                                      
      3030                                                                      

10 rows selected.

SQL> SELECT DISTINCT DNI
  2  FROM PROFESOR
  3  
SQL> SELECT P
  2  FROM PROFESOR NATURAL JOIN PLAN_DOCENTE
  3  WHERE CAS IS NOT NULL;

P                                                                               
------------------------------------------------------------                    
DAVID                                                                           
DAVID                                                                           
DAVID                                                                           
JUAN                                                                            
JUAN                                                                            
SOLEDAD                                                                         
CARLOS                                                                          
CARLOS                                                                          
JOSE MANUEL                                                                     
PEDRO                                                                           
PEDRO                                                                           

P                                                                               
------------------------------------------------------------                    
MARIA                                                                           
MARIA                                                                           
MARIA                                                                           
IVAN                                                                            
CARMEN                                                                          
MARIO                                                                           
FRANCISCO                                                                       
ANGELA                                                                          

19 rows selected.

SQL> SELECT DISTINCT P
  2  FROM PROFESOR NATURAL JOIN PLAN_DOCENTE
  3  WHERE CAS IS NOT NULL;

P                                                                               
------------------------------------------------------------                    
MARIO                                                                           
JUAN                                                                            
PEDRO                                                                           
FRANCISCO                                                                       
SOLEDAD                                                                         
DAVID                                                                           
CARLOS                                                                          
IVAN                                                                            
CARMEN                                                                          
MARIA                                                                           
JOSE MANUEL                                                                     

P                                                                               
------------------------------------------------------------                    
ANGELA                                                                          

12 rows selected.

SQL> SELECT DISTINCT P
  2  FROM PROFESOR NATURAL JOIN PLAN_DOCENTE
  3  WHERE CAS=8;

P                                                                               
------------------------------------------------------------                    
JUAN                                                                            
JOSE MANUEL                                                                     

SQL> 
SQL> 
SQL> SELECT *
  2  FROM PLAN_DOCENTE
  3  ORDER BY FF ASC;

       DNI        CAS        CTA        CPA        CLA FI        FF             
---------- ---------- ---------- ---------- ---------- --------- ---------      
      2222          3        1.5          0        1.5 01-SEP-06 31-AUG-07      
      1010          2        1.5        1.5          3 01-SEP-05 31-AUG-08      
      1010          9          3          0          3 01-SEP-08 31-AUG-09      
      1111          8          3        1.5        1.5 01-SEP-07 31-AUG-09      
      4444          4        1.5          0        1.5 01-SEP-08 31-AUG-10      
      6666         10          3        1.5        1.5 01-SEP-08 31-AUG-11      
      9999          7          3          3          0 01-SEP-10                
      5555          6          3          3          0 31-MAR-10                
      8888         11          6          0          0 01-SEP-09                
      2020          3        1.5          0        1.5 01-SEP-08                
      7777         12        4.5          3          0 01-SEP-10                

       DNI        CAS        CTA        CPA        CLA FI        FF             
---------- ---------- ---------- ---------- ---------- --------- ---------      
      3333          9        1.5          0        1.5 01-SEP-09                
      1010          9        1.5          0        1.5 01-SEP-09                
      3333          2        1.5        1.5          3 01-SEP-08                
      2222          4        1.5          0        1.5 01-SEP-09                
      3030          8          0        1.5        1.5 01-SEP-09                
      1111          8          3          0          0 01-SEP-09                
      4444          1          3        1.5        1.5 01-SEP-11                
      4444          5          3          0          0 01-SEP-10                

19 rows selected.

SQL> SELECT *
  2  FROM PLAN_DOCENTE
  3  ORDER BY FF ASC;

       DNI        CAS        CTA        CPA        CLA FI        FF             
---------- ---------- ---------- ---------- ---------- --------- ---------      
      2222          3        1.5          0        1.5 01-SEP-06 31-AUG-07      
      1010          2        1.5        1.5          3 01-SEP-05 31-AUG-08      
      1010          9          3          0          3 01-SEP-08 31-AUG-09      
      1111          8          3        1.5        1.5 01-SEP-07 31-AUG-09      
      4444          4        1.5          0        1.5 01-SEP-08 31-AUG-10      
      6666         10          3        1.5        1.5 01-SEP-08 31-AUG-11      
      9999          7          3          3          0 01-SEP-10                
      5555          6          3          3          0 31-MAR-10                
      8888         11          6          0          0 01-SEP-09                
      2020          3        1.5          0        1.5 01-SEP-08                
      7777         12        4.5          3          0 01-SEP-10                

       DNI        CAS        CTA        CPA        CLA FI        FF             
---------- ---------- ---------- ---------- ---------- --------- ---------      
      3333          9        1.5          0        1.5 01-SEP-09                
      1010          9        1.5          0        1.5 01-SEP-09                
      3333          2        1.5        1.5          3 01-SEP-08                
      2222          4        1.5          0        1.5 01-SEP-09                
      3030          8          0        1.5        1.5 01-SEP-09                
      1111          8          3          0          0 01-SEP-09                
      4444          1          3        1.5        1.5 01-SEP-11                
      4444          5          3          0          0 01-SEP-10                

19 rows selected.

SQL> REM 10
SQL> SELECT *
  2  FROM PLAN_DOCENTE
  3  ORDER BY FF DESC;

       DNI        CAS        CTA        CPA        CLA FI        FF             
---------- ---------- ---------- ---------- ---------- --------- ---------      
      4444          5          3          0          0 01-SEP-10                
      3333          9        1.5          0        1.5 01-SEP-09                
      7777         12        4.5          3          0 01-SEP-10                
      2020          3        1.5          0        1.5 01-SEP-08                
      8888         11          6          0          0 01-SEP-09                
      5555          6          3          3          0 31-MAR-10                
      4444          1          3        1.5        1.5 01-SEP-11                
      1111          8          3          0          0 01-SEP-09                
      3030          8          0        1.5        1.5 01-SEP-09                
      2222          4        1.5          0        1.5 01-SEP-09                
      3333          2        1.5        1.5          3 01-SEP-08                

       DNI        CAS        CTA        CPA        CLA FI        FF             
---------- ---------- ---------- ---------- ---------- --------- ---------      
      1010          9        1.5          0        1.5 01-SEP-09                
      9999          7          3          3          0 01-SEP-10                
      6666         10          3        1.5        1.5 01-SEP-08 31-AUG-11      
      4444          4        1.5          0        1.5 01-SEP-08 31-AUG-10      
      1010          9          3          0          3 01-SEP-08 31-AUG-09      
      1111          8          3        1.5        1.5 01-SEP-07 31-AUG-09      
      1010          2        1.5        1.5          3 01-SEP-05 31-AUG-08      
      2222          3        1.5          0        1.5 01-SEP-06 31-AUG-07      

19 rows selected.

SQL> REM 11
SQL> SELECT DISTINCT P
  2  FROM PROFESOR NATURAL JOIN PLAN_DOCENTE
  3  WHERE CAS=8
  4  ORDER BY P ASC;

P                                                                               
------------------------------------------------------------                    
JOSE MANUEL                                                                     
JUAN                                                                            

SQL> REM 12
SQL> SELECT P
  2  FROM PROFESOR NATURAL JOIN AREA NATURAL JOIN DEPARTAMENTO
  3  WHERE D='MATEMATICAS FUNDAMENTAL';

no rows selected

SQL> SELECT P
  2  FROM PROFESOR NATURAL JOIN AREA NATURAL JOIN DEPARTAMENTO
  3  WHERE D='MATEMATICA FUNDAMENTAL';

P                                                                               
------------------------------------------------------------                    
IVAN                                                                            

SQL> REM 13
SQL> SELECT A
  2  FROM ASIGNATURA NATURAL JOIN PROFESOR
  3  WHERE DNI=1010;

A                                                                               
--------------------------------------------------                              
INTELIGENCIA ARTIFICIAL                                                         
GESTION DE RIESGOS                                                              

SQL> REM 13
SQL> SELECT A
  2  FROM ASIGNATURA NATURAL JOIN PROFESOR NATURAL JOIN PLAN_DOCENTE
  3  WHERE DNI=1010;

A                                                                               
--------------------------------------------------                              
INTELIGENCIA ARTIFICIAL                                                         
GESTION DE RIESGOS                                                              
GESTION DE RIESGOS                                                              

SQL> REM 14
SQL> SELECT A
  2  FROM ASIGNATURA NATURAL JOIN PROFESOR NATURAL JOIN PLAN_DOCENTE
  3  WHERE P='DAVID';

A                                                                               
--------------------------------------------------                              
INTELIGENCIA ARTIFICIAL                                                         
GESTION DE RIESGOS                                                              
GESTION DE RIESGOS                                                              

SQL> REM 15
SQL> SELECT AR
  2  FROM AREA NATURAL JOIN DEPARTAMENTO
  3  WHERE D='ESTADISTICA, INVESTIGACION OPERATIVA Y COMPUTACION';

AR                                                                              
------------------------------------------------------------                    
CIENCIAS DE LA COMPUTACION E INTELIGENCIA ARTIFICIAL                            
ESTADISTICA E INVESTIGACION OPERATIVA                                           
LENGUAJES Y SISTEMAS INFORMATICA                                                

SQL> REM 16
SQL> SELECT A
  2  FROM ASIGNATURA NATUAL JOIN PROFESOR NATURAL JOIN PLAN_DOCENTE
  3  WHERE CAT='CU';
WHERE CAT='CU'
*
ERROR at line 3:
ORA-00905: missing keyword 


SQL> SELECT A
  2  FROM ASIGNATURA NATURAL JOIN PROFESOR NATURAL JOIN PLAN_DOCENTE
  3  WHERE CAT='CU';

A                                                                               
--------------------------------------------------                              
ALMACENES DE DATOS                                                              
OPTIMIZACION                                                                    
OPTIMIZACION                                                                    

SQL> REM 17
SQL> REM 16
SQL> SELECT A
  2  FROM ASIGNATURA NATURAL JOIN PROFESOR NATURAL JOIN PLAN_DOCENTE
  3  WHERE CAT='CU' AND (FF IS NULL);

A                                                                               
--------------------------------------------------                              
OPTIMIZACION                                                                    
ALMACENES DE DATOS                                                              

SQL> REM 17
SQL> SELECT A
  2  FROM ASIGNATURA NATURAL JOIN PROFESOR NATURAL JOIN PLAN_DOCENTE
  3  WHERE CAT='CU';

A                                                                               
--------------------------------------------------                              
ALMACENES DE DATOS                                                              
OPTIMIZACION                                                                    
OPTIMIZACION                                                                    

SQL> SELECT A
  2  FROM ASIGNATURA NATURAL JOIN AREA
  3  WHERE AR IN ('LENGUAJES Y SISTEMAS INFORMATICOS', 'CIENCIAS DE LA COMPUTACION E INTELIGENCIA ARTIFICIAL');

A                                                                               
--------------------------------------------------                              
GESTION DE RIESGOS                                                              
INTELIGENCIA ARTIFICIAL                                                         

SQL> SELECT A
  2  FROM AREA NATURAL JOIN ASIGNATURA
  3  WHERE AR IN ('LENGUAJES Y SISTEMAS INFORMATICOS', 'CIENCIAS DE LA COMPUTACION E INTELIGENCIA ARTIFICIAL');

A                                                                               
--------------------------------------------------                              
GESTION DE RIESGOS                                                              
INTELIGENCIA ARTIFICIAL                                                         

SQL> SELECT A FROM ASIGNATURA NATURAL JOIN AREA
  2  WHERE AR IN ('LENGUAJES Y SISTEMAS INFORMATICOS', 'CIENCIAS DE LA COMPUTACION E INTELIGENCIA ARTIFICIAL');

A                                                                               
--------------------------------------------------                              
GESTION DE RIESGOS                                                              
INTELIGENCIA ARTIFICIAL                                                         

SQL> SPOOL OFF
SQL> REM 17
SQL> SELECT A
  2  FROM ASIGNATURA NATURAL JOIN AREA
  3  WHERE AR IN ('LENGUAJES Y SISTEMAS INFORMATICOS', 'CIENCIAS DE LA COMPUTACION E INTELIGENCIA ARTIFICIAL');

A                                                                               
--------------------------------------------------                              
GESTION DE RIESGOS                                                              
INTELIGENCIA ARTIFICIAL                                                         

SQL> SELECT *
  2  FROM AREA;

       CAR AR                                                                   
---------- ------------------------------------------------------------         
        CD                                                                      
----------                                                                      
         1 ALGEBRA                                                              
         4                                                                      
                                                                                
         2 ANALISIS MATEMATICO                                                  
         1                                                                      
                                                                                
         3 ASTRONOMIA Y ASTROFISICA                                             
         2                                                                      
                                                                                

       CAR AR                                                                   
---------- ------------------------------------------------------------         
        CD                                                                      
----------                                                                      
         4 CIENCIAS DE LA COMPUTACION E INTELIGENCIA ARTIFICIAL                 
         3                                                                      
                                                                                
         5 DIDACTICA DE LA MATEMATICA                                           
         1                                                                      
                                                                                
         6 ESTADISTICA E INVESTIGACION OPERATIVA                                
         3                                                                      
                                                                                

       CAR AR                                                                   
---------- ------------------------------------------------------------         
        CD                                                                      
----------                                                                      
         7 LENGUAJES Y SISTEMAS INFORMATICA                                     
         3                                                                      
                                                                                
         8 MATEMATICAS APLICADAS                                                
         1                                                                      
                                                                                

8 rows selected.

SQL> UPDATE AREA SET AR='LENGUAJES Y SISTEMAS INFORMATICOS'
  2  WHERE (CAR=7);

1 row updated.

SQL> SELECT *
  2  FROM AREA;

       CAR AR                                                                   
---------- ------------------------------------------------------------         
        CD                                                                      
----------                                                                      
         1 ALGEBRA                                                              
         4                                                                      
                                                                                
         2 ANALISIS MATEMATICO                                                  
         1                                                                      
                                                                                
         3 ASTRONOMIA Y ASTROFISICA                                             
         2                                                                      
                                                                                

       CAR AR                                                                   
---------- ------------------------------------------------------------         
        CD                                                                      
----------                                                                      
         4 CIENCIAS DE LA COMPUTACION E INTELIGENCIA ARTIFICIAL                 
         3                                                                      
                                                                                
         5 DIDACTICA DE LA MATEMATICA                                           
         1                                                                      
                                                                                
         6 ESTADISTICA E INVESTIGACION OPERATIVA                                
         3                                                                      
                                                                                

       CAR AR                                                                   
---------- ------------------------------------------------------------         
        CD                                                                      
----------                                                                      
         7 LENGUAJES Y SISTEMAS INFORMATICOS                                    
         3                                                                      
                                                                                
         8 MATEMATICAS APLICADAS                                                
         1                                                                      
                                                                                

8 rows selected.

SQL> SELECT A
  2  FROM ASIGNATURA NATURAL JOIN AREA
  3  WHERE AR IN ('LENGUAJES Y SISTEMAS INFORMATICOS', 'CIENCIAS DE LA COMPUTACION E INTELIGENCIA ARTIFICIAL');

A                                                                               
--------------------------------------------------                              
GESTION DE RIESGOS                                                              
INTELIGENCIA ARTIFICIAL                                                         
INFORMATICA BASICA                                                              
MINERIA DE DATOS                                                                
ALMACENES DE DATOS                                                              
BASE DE DATOS                                                                   

6 rows selected.

SQL> REM 18
SQL> REM 19
SQL> SELECT DISTINCT P
  2  FROM PROFESOR NATURAL JOIN PLAN_DOCENTE NATURAL JOIN ASIGNATURA
  3  WHERE T IN ('GII','MII');

P                                                                               
------------------------------------------------------------                    
PEDRO                                                                           
JUAN                                                                            
SOLEDAD                                                                         
DAVID                                                                           
CARLOS                                                                          
IVAN                                                                            
MARIA                                                                           
JOSE MANUEL                                                                     
ANGELA                                                                          

9 rows selected.

SQL> REM 20
SQL> SELECT P
  2  FROM PROFESOR NATURAL JOIN PLAN_DOCENTE NATURAL JOIN ASIGNATURA
  3  WHERE T='GII' AND T='MII';

no rows selected

SQL> SELECT P
  2  FROM PROFESOR NATURAL JOIN PLAN_DOCENTE NATURAL JOIN ASIGNATURA
  3  WHERE T='GII'
  4  INTERSECTION
  5  
SQL> 
SQL> SELECT P
  2  FROM PROFESOR NATURAL JOIN PLAN_DOCENTE NATURAL JOIN ASIGNATURA
  3  WHERE T='GII'
  4  INTERSECT
  5  SELECT P
  6  FROM PROFESOR NATURAL JOIN PLAN_DOCENTE NATURAL JOIN ASIGNATURA
  7  WHERE T='MII';

P                                                                               
------------------------------------------------------------                    
MARIA                                                                           

SQL> SELECT P
  2  FROM PROFESOR NATURAL JOIN PLAN_DOCENTE
  3  WHERE CAS IS NOT NULL
  4  
SQL> 
SQL> SELECT P
  2  FROM PROFESOR
  3  MINUS
  4  SELECT P FROM PROFESOR NATURAL JOIN PLAN_DOCENTE
  5  WHERE CAS IS NOT NULL;

no rows selected

SQL> REM EL EJERCICIO 21 ES EL DE ARRIBA A ESTA LINEA, LO QUE VA DESPUES DE MARIA
SQL> REM 22
SQL> SELECT A
  2  FROM ASIGNATURA
  3  WHERE T='GII';

A                                                                               
--------------------------------------------------                              
BASE DE DATOS                                                                   
INTELIGENCIA ARTIFICIAL                                                         
INFORMATICA BASICA                                                              
ALGEBRA                                                                         
CALCULO                                                                         
OPTIMIZACION                                                                    
GESTION DE RIESGOS                                                              

7 rows selected.

SQL> REM 23
SQL> SELECT AR, A
  2  FROM AREA NATURAL JOIN ASIGNATURA
  3  
SQL> SELECT AR, A
  2  FROM AREA NATURAL JOIN ASIGNATURA
  3  ORDER BY AR;

AR                                                                              
------------------------------------------------------------                    
A                                                                               
--------------------------------------------------                              
ALGEBRA                                                                         
ALGEBRA                                                                         
                                                                                
ANALISIS MATEMATICO                                                             
ANALISIS COMPLEJO                                                               
                                                                                
ASTRONOMIA Y ASTROFISICA                                                        
ASTRONOMIA                                                                      
                                                                                

AR                                                                              
------------------------------------------------------------                    
A                                                                               
--------------------------------------------------                              
CIENCIAS DE LA COMPUTACION E INTELIGENCIA ARTIFICIAL                            
GESTION DE RIESGOS                                                              
                                                                                
CIENCIAS DE LA COMPUTACION E INTELIGENCIA ARTIFICIAL                            
INTELIGENCIA ARTIFICIAL                                                         
                                                                                
DIDACTICA DE LA MATEMATICA                                                      
ENSEANZA DE LA MATEMATICA                                                       
                                                                                

AR                                                                              
------------------------------------------------------------                    
A                                                                               
--------------------------------------------------                              
ESTADISTICA E INVESTIGACION OPERATIVA                                           
OPTIMIZACION                                                                    
                                                                                
LENGUAJES Y SISTEMAS INFORMATICOS                                               
INFORMATICA BASICA                                                              
                                                                                
LENGUAJES Y SISTEMAS INFORMATICOS                                               
MINERIA DE DATOS                                                                
                                                                                

AR                                                                              
------------------------------------------------------------                    
A                                                                               
--------------------------------------------------                              
LENGUAJES Y SISTEMAS INFORMATICOS                                               
ALMACENES DE DATOS                                                              
                                                                                
LENGUAJES Y SISTEMAS INFORMATICOS                                               
BASE DE DATOS                                                                   
                                                                                
MATEMATICAS APLICADAS                                                           
CALCULO                                                                         
                                                                                

12 rows selected.

SQL> SELECT DISTINCT AR, A
  2  FROM AREA NATURAL JOIN ASIGNATURA
  3  ORDER BY AR;

AR                                                                              
------------------------------------------------------------                    
A                                                                               
--------------------------------------------------                              
ALGEBRA                                                                         
ALGEBRA                                                                         
                                                                                
ANALISIS MATEMATICO                                                             
ANALISIS COMPLEJO                                                               
                                                                                
ASTRONOMIA Y ASTROFISICA                                                        
ASTRONOMIA                                                                      
                                                                                

AR                                                                              
------------------------------------------------------------                    
A                                                                               
--------------------------------------------------                              
CIENCIAS DE LA COMPUTACION E INTELIGENCIA ARTIFICIAL                            
GESTION DE RIESGOS                                                              
                                                                                
CIENCIAS DE LA COMPUTACION E INTELIGENCIA ARTIFICIAL                            
INTELIGENCIA ARTIFICIAL                                                         
                                                                                
DIDACTICA DE LA MATEMATICA                                                      
ENSEANZA DE LA MATEMATICA                                                       
                                                                                

AR                                                                              
------------------------------------------------------------                    
A                                                                               
--------------------------------------------------                              
ESTADISTICA E INVESTIGACION OPERATIVA                                           
OPTIMIZACION                                                                    
                                                                                
LENGUAJES Y SISTEMAS INFORMATICOS                                               
ALMACENES DE DATOS                                                              
                                                                                
LENGUAJES Y SISTEMAS INFORMATICOS                                               
BASE DE DATOS                                                                   
                                                                                

AR                                                                              
------------------------------------------------------------                    
A                                                                               
--------------------------------------------------                              
LENGUAJES Y SISTEMAS INFORMATICOS                                               
INFORMATICA BASICA                                                              
                                                                                
LENGUAJES Y SISTEMAS INFORMATICOS                                               
MINERIA DE DATOS                                                                
                                                                                
MATEMATICAS APLICADAS                                                           
CALCULO                                                                         
                                                                                

12 rows selected.

SQL> 
SQL> REM 24
SQL> SELECT AR, A
  2  FROM AREA NATURAL JOIN ASIGNATURA
  3  
SQL> 
SQL> REM 24
SQL> SELECT D, AR
  2  FROM DEPARTAMENTO NATURAL JOIN AREA
  3  ORDER BY D DESC, AR DESC;

D                                                                               
------------------------------------------------------------                    
AR                                                                              
------------------------------------------------------------                    
MATEMATICA FUNDAMENTAL                                                          
ALGEBRA                                                                         
                                                                                
ESTADISTICA, INVESTIGACION OPERATIVA Y COMPUTACION                              
LENGUAJES Y SISTEMAS INFORMATICOS                                               
                                                                                
ESTADISTICA, INVESTIGACION OPERATIVA Y COMPUTACION                              
ESTADISTICA E INVESTIGACION OPERATIVA                                           
                                                                                

D                                                                               
------------------------------------------------------------                    
AR                                                                              
------------------------------------------------------------                    
ESTADISTICA, INVESTIGACION OPERATIVA Y COMPUTACION                              
CIENCIAS DE LA COMPUTACION E INTELIGENCIA ARTIFICIAL                            
                                                                                
ASTROFISICA                                                                     
ASTRONOMIA Y ASTROFISICA                                                        
                                                                                
ANALISIS MATEMATICO                                                             
MATEMATICAS APLICADAS                                                           
                                                                                

D                                                                               
------------------------------------------------------------                    
AR                                                                              
------------------------------------------------------------                    
ANALISIS MATEMATICO                                                             
DIDACTICA DE LA MATEMATICA                                                      
                                                                                
ANALISIS MATEMATICO                                                             
ANALISIS MATEMATICO                                                             
                                                                                

8 rows selected.

SQL> SELECT D, AR
  2  FROM DEPARTAMENTO NATURAL JOIN AREA
  3  ORDER BY D ASC, AR ASC;

D                                                                               
------------------------------------------------------------                    
AR                                                                              
------------------------------------------------------------                    
ANALISIS MATEMATICO                                                             
ANALISIS MATEMATICO                                                             
                                                                                
ANALISIS MATEMATICO                                                             
DIDACTICA DE LA MATEMATICA                                                      
                                                                                
ANALISIS MATEMATICO                                                             
MATEMATICAS APLICADAS                                                           
                                                                                

D                                                                               
------------------------------------------------------------                    
AR                                                                              
------------------------------------------------------------                    
ASTROFISICA                                                                     
ASTRONOMIA Y ASTROFISICA                                                        
                                                                                
ESTADISTICA, INVESTIGACION OPERATIVA Y COMPUTACION                              
CIENCIAS DE LA COMPUTACION E INTELIGENCIA ARTIFICIAL                            
                                                                                
ESTADISTICA, INVESTIGACION OPERATIVA Y COMPUTACION                              
ESTADISTICA E INVESTIGACION OPERATIVA                                           
                                                                                

D                                                                               
------------------------------------------------------------                    
AR                                                                              
------------------------------------------------------------                    
ESTADISTICA, INVESTIGACION OPERATIVA Y COMPUTACION                              
LENGUAJES Y SISTEMAS INFORMATICOS                                               
                                                                                
MATEMATICA FUNDAMENTAL                                                          
ALGEBRA                                                                         
                                                                                

8 rows selected.

SQL> SELECT D, P
  2  FROM DEPARTAMENTO NATURAL JOIN AREA NATURAL JOIN PROFESOR
  3  ORDER BY D ASC, P ASC;

D                                                                               
------------------------------------------------------------                    
P                                                                               
------------------------------------------------------------                    
ANALISIS MATEMATICO                                                             
ANGELA                                                                          
                                                                                
ANALISIS MATEMATICO                                                             
FRANCISCO                                                                       
                                                                                
ANALISIS MATEMATICO                                                             
MARIO                                                                           
                                                                                

D                                                                               
------------------------------------------------------------                    
P                                                                               
------------------------------------------------------------                    
ASTROFISICA                                                                     
CARMEN                                                                          
                                                                                
ESTADISTICA, INVESTIGACION OPERATIVA Y COMPUTACION                              
CARLOS                                                                          
                                                                                
ESTADISTICA, INVESTIGACION OPERATIVA Y COMPUTACION                              
DAVID                                                                           
                                                                                

D                                                                               
------------------------------------------------------------                    
P                                                                               
------------------------------------------------------------                    
ESTADISTICA, INVESTIGACION OPERATIVA Y COMPUTACION                              
JOSE MANUEL                                                                     
                                                                                
ESTADISTICA, INVESTIGACION OPERATIVA Y COMPUTACION                              
JUAN                                                                            
                                                                                
ESTADISTICA, INVESTIGACION OPERATIVA Y COMPUTACION                              
MARIA                                                                           
                                                                                

D                                                                               
------------------------------------------------------------                    
P                                                                               
------------------------------------------------------------                    
ESTADISTICA, INVESTIGACION OPERATIVA Y COMPUTACION                              
PEDRO                                                                           
                                                                                
ESTADISTICA, INVESTIGACION OPERATIVA Y COMPUTACION                              
SOLEDAD                                                                         
                                                                                
MATEMATICA FUNDAMENTAL                                                          
IVAN                                                                            
                                                                                

12 rows selected.

SQL> REM 25 EL QUE ESTA ENCIMA ES EL 25
SQL> REM 25 TAMBIEN
SQL> SELECT D, P
  2  FROM DEPARTAMENTO NATURAL JOIN AREA NATURAL JOIN PROFESOR
  3  ORDER BY D DESC, P DESC;

D                                                                               
------------------------------------------------------------                    
P                                                                               
------------------------------------------------------------                    
MATEMATICA FUNDAMENTAL                                                          
IVAN                                                                            
                                                                                
ESTADISTICA, INVESTIGACION OPERATIVA Y COMPUTACION                              
SOLEDAD                                                                         
                                                                                
ESTADISTICA, INVESTIGACION OPERATIVA Y COMPUTACION                              
PEDRO                                                                           
                                                                                

D                                                                               
------------------------------------------------------------                    
P                                                                               
------------------------------------------------------------                    
ESTADISTICA, INVESTIGACION OPERATIVA Y COMPUTACION                              
MARIA                                                                           
                                                                                
ESTADISTICA, INVESTIGACION OPERATIVA Y COMPUTACION                              
JUAN                                                                            
                                                                                
ESTADISTICA, INVESTIGACION OPERATIVA Y COMPUTACION                              
JOSE MANUEL                                                                     
                                                                                

D                                                                               
------------------------------------------------------------                    
P                                                                               
------------------------------------------------------------                    
ESTADISTICA, INVESTIGACION OPERATIVA Y COMPUTACION                              
DAVID                                                                           
                                                                                
ESTADISTICA, INVESTIGACION OPERATIVA Y COMPUTACION                              
CARLOS                                                                          
                                                                                
ASTROFISICA                                                                     
CARMEN                                                                          
                                                                                

D                                                                               
------------------------------------------------------------                    
P                                                                               
------------------------------------------------------------                    
ANALISIS MATEMATICO                                                             
MARIO                                                                           
                                                                                
ANALISIS MATEMATICO                                                             
FRANCISCO                                                                       
                                                                                
ANALISIS MATEMATICO                                                             
ANGELA                                                                          
                                                                                

12 rows selected.

SQL> SPOOL OFF
